Pedro Sánchez;pedro.sanchez@example.com
Laura Martínez;laura.martinez@example.com
David Fernández;david.fernandez@example.com
Marta Gómez;marta.gomez@example.com
Antonio Díaz;antonio.diaz@example.com
Sofía Álvarez;sofia.alvarez@example.com
Luis Jiménez;luis.jimenez@example.com
Raquel Hernández;raquel.hernandez@example.com
Javier Romero;javier.romero@example.com
Cristina Ruiz;cristina.ruiz@example.com
Andrés Torres;andres.torres@example.com
Elena Moreno;elena.moreno@example.com
Ricardo Gómez;ricardo.gomez@example.com
Beatriz Castro;beatriz.castro@example.com
Carlos Vargas;carlos.vargas@example.com
Marina Navarro;marina.navarro@example.com
Edie Bermudez;eddie@bermudez.com
